Material,MRPC_Code,MRPC_Name
1.11111E+11,10,Mamun
2.22222E+11,20,Amar
3.33333E+11,30,David
3.33333E+11,30A,Sonia
4.44444E+11,40,
